original_Last Updated,original_Category,original_Organization Name,original_Other Organization Name,original_Street Address,original_City,original_State,original_Zip Code,original_Phone Number,original_E-mail,original_Website,original_Discount Description,original_Discount Description (long),original_Cardholder Requirement,original_Authorization for Release of Information,original_Approved for Publishing,lat,lon,formatted,name,housenumber,street,postcode,district,suburb,city,county,state,state_code,country,country_code,confidence,confidence_city_level,confidence_street_level,attribution,attribution_license,attribution_url
2019-01-24T00:00:00.000,Other,1DayBanner.com,,"1636 E. Edinger Ave, Suite D",Santa Ana,CA,92705,,specialoffers@1daybanner.com,https://www.1daybanner.com,"Enter coupon code ""GOVDEALS"" during checkout for 10% Instant Discount. Ships nationwide.","Enter coupon code ""GOVDEALS"" during checkout for 10% Instant Discount. <b/>Ships nationwide.",GOLD or FLASH card required,true,true,33.7248452,-117.8463272,"1636 East Edinger Avenue, Santa Ana, CA, United States of America",,1636,East Edinger Avenue,,,,Santa Ana,Orange County,California,CA,United States,us,0.35720999999999997,1,0.35720999999999997,© OpenAddresses contributors,BSD-3-Clause License,
2022-06-13T00:00:00.000,Food & Beverage / Restaurant,A+ Hong Kong Restaurant,,667 S King St.,Seattle,WA,98104,206-602-6008,Aplus-2022@hotmail.com,,5% off,,Both Gold and FLASH card,true,true,47.5982421,-122.3242722,"667 South King Street, Seattle, WA 98104, United States of America",,667,South King Street,98104,Little Saigon,Chinatown/International District,Seattle,King County,Washington,WA,United States,us,0.63,1,0.63,© OpenStreetMap contributors,Open Database License,https://www.openstreetmap.org/copyright
2022-08-08T00:00:00.000,Retail Shopping,Andaluz,,4908 Rainier Avenue S.,Seattle,WA,98118,206-384-5255,esquivel.karla@gmail.com,https://andaluz.us/,"15% off entire purchase, excluding sale items. Gold or FLASH card required.",,Both Gold and FLASH card,true,true,47.5575262,-122.2846154,"4908 Rainier Avenue South, Seattle, WA 98118, United States of America",,4908,Rainier Avenue South,98118,Columbia City,Rainier Valley,Seattle,King County,Washington,WA,United States,us,0.63,1,0.63,© OpenStreetMap contributors,Open Database License,https://www.openstreetmap.org/copyright
4/12/2018,Fitness & Recreation; Classes & Learning,"Ballard Pool, Seattle Parks and Recreation",,1471 NW 67th St,Seattle,WA,98117,206-684-4094,,http://www.seattle.gov/parks/find/pools/ballard-pool,"We offer adult and senior adult lessons, exercise classes including aqua jogging, hyrdofit exercise, and water exercise. We also have family swim, public swim, and lap swim times.",Details on senior discounts at: https://www.seattle.gov/parks/find/pools/pool-admissions-fees. Further reduced price scholarships for income eligible individuals at: https://www.seattle.gov/parks/find/scholarships-and-financial-aid,No card required,true,true,47.6773901,-122.37621347023364,"Ballard Pool, 1471 Northwest 67th Street, Seattle, WA 98117, United States of America",Ballard Pool,1471,Northwest 67th Street,98117,Whittier Heights,Ballard,Seattle,King County,Washington,WA,United States,us,0.63,1,0.63,© OpenStreetMap contributors,Open Database License,https://www.openstreetmap.org/copyright
2022-05-08T00:00:00.000,Health & Medical; Other,Be A New Creation Spa,TreatYourIncontinence.com,1207 N 200th St,Seattle,WA,98133,206-533-9999,info@TreatYourIncontinence.com,https://www.TreatYourIncontinence.com,Discounts available to all seniors!,Senior discounts on all services!,No card Required,true,true,47.773603,-122.344021,"1207 North 200th Street, Seattle, WA 98133, United States of America",,1207,North 200th Street,98133,,,Seattle,King County,Washington,WA,United States,us,0.63,1,0.63,© OpenAddresses contributors,BSD-3-Clause License,
2019-03-28T00:00:00.000,"Arts, Culture & Entertainment",Bellevue Arts Museum,,510 Bellevue Way NE,Bellevue,WA,98004,425-519-0770,info@bellevuearts.org,https://www.bellevuearts.org,Discounted admission for individuals 65+,Discounted admission for individuals 65+,No card required,true,true,47.615339,-122.201142,"510 Bellevue Way NE, Bellevue, WA 98004, United States of America",,510,Bellevue Way NE,98004,,,Bellevue,King County,Washington,WA,United States,us,0.75,1,0.75,© OpenAddresses contributors,BSD-3-Clause License,
2022-08-08T00:00:00.000,"Hair, Skin & Spa",Brooks Family Barber Shop,,5222 Rainier Avenue S.,Seattle,WA,98118,206-723-5157,,,Senior cuts on Tuesdays for $15.,,No card Required,true,true,47.5554497,-122.2823764,"5222 Rainier Avenue South, Seattle, WA 98118, United States of America",,5222,Rainier Avenue South,98118,Columbia City,Rainier Valley,Seattle,King County,Washington,WA,United States,us,0.63,1,0.63,© OpenStreetMap contributors,Open Database License,https://www.openstreetmap.org/copyright
2022-08-08T00:00:00.000,Food & Beverage / Restaurant,Bua 9 Thai Cuisine,,5020 Rainer Avenue S.,Seattle,WA,98118,206-323-9445,chankhantiko@yahoo.com,,15% off. Gold or FLASH Card required.,,Both Gold and FLASH card,true,true,47.556379,-122.283706,"5020 Rainier Avenue South, Seattle, WA 98118, United States of America",,5020,Rainier Avenue South,98118,,Columbia City,Seattle,King County,Washington,WA,United States,us,0.486,1,0.486,© OpenAddresses contributors,BSD-3-Clause License,
2022-05-12T00:00:00.000,Food & Beverage / Restaurant,Canton Wonton House,,608 S Weller Street,Seattle,WA,98104,206-682-5080,cantontt@gmail.com,,"10% off entire purchase, excluding sale items. Tuesdays only. GOLD card required.",Cannot be combined with other offers.,Gold card required,true,true,47.5976332,-122.3259031,"Canton Wonton House, 608 South Weller Street, Seattle, WA 98104, United States of America",Canton Wonton House,608,South Weller Street,98104,Little Saigon,Chinatown/International District,Seattle,King County,Washington,WA,United States,us,0.63,1,0.63,© OpenStreetMap contributors,Open Database License,https://www.openstreetmap.org/copyright
2018-11-21T00:00:00.000,Retail Shopping,CanvasDiscount.com,,3443 NW 107th Street,Miami,FL,33167,855-335-9926,seo@canvasdiscount.com,https://www.canvasdiscount.com/,15% OFF all Photo Canvas Prints. Use coupon code SEATTLE15 at checkout.,15% OFF all Photo Canvas Prints.<b/> Use coupon code SEATTLE15 at checkout.,GOLD or FLASH card required,true,true,25.8720538,-80.2550316,"3443 Northwest 107th Street, Miami-Dade County, FL 33167, United States of America",,3443,Northwest 107th Street,33167,,,,Miami-Dade County,Florida,FL,United States,us,0.5103000000000001,0.81,0.5103000000000001,© OpenStreetMap contributors,Open Database License,https://www.openstreetmap.org/copyright
2018-04-12T00:00:00.000,"Arts, Culture & Entertainment",Chihuly Garden and Glass,,305 Harrison St,Seattle,WA,98109,206-753-4940,info@chihulygardenandglass.com,http://www.chihulygardenandglass.com,Discounted admission for individuals 65+. No GOLD Card required.,Discounted admission for individuals 65+. No GOLD Card required.,No card required,true,true,47.621462,-122.3509886,"Seattle Children's Museum, 305 Harrison Street, Seattle, WA 98109, United States of America",Seattle Children's Museum,305,Harrison Street,98109,Uptown,Belltown,Seattle,King County,Washington,WA,United States,us,0.63,1,0.63,© OpenStreetMap contributors,Open Database License,https://www.openstreetmap.org/copyright
2018-04-12T00:00:00.000,Utilities & Cable TV,City of Algona,,200 Washington Blvd.,Algona,WA,98001,253-833-2897,,http://www.algonawa.gov/general/page/low-income-seniordisabled-utility-rates,Provides discount rates on City utilities for low-income senior citizen (65+) or people with permanent disabilities.,,No card required,true,true,47.277801249999996,-122.24754955037847,"200 Washington Boulevard, Algona, WA 98001, United States of America",,200,Washington Boulevard,98001,,,Algona,King County,Washington,WA,United States,us,0.63,1,0.63,© OpenStreetMap contributors,Open Database License,https://www.openstreetmap.org/copyright
2018-04-12T00:00:00.000,Utilities & Cable TV,City of Auburn,,25 West Main St.,Auburn,WA,98001,206-804-5078,helpdesk@auburnwa.gov,https://www.auburnwa.gov/cms/one.aspx?portalId=11470638&pageId=12527701,Discount on basic cable service through Comcast for eligible adults age 62+ or with permanent disabilities.,,GOLD or FLASH card required,true,true,47.30773215,-122.23069432886277,"Auburn City Hall, 25 West Main Street, Auburn, WA 98001, United States of America",Auburn City Hall,25,West Main Street,98001,,Downtown,Auburn,King County,Washington,WA,United States,us,0.9,1,0.9,© OpenStreetMap contributors,Open Database License,https://www.openstreetmap.org/copyright
2018-04-12T00:00:00.000,Utilities & Cable TV,City of Bellevue,,450 110th Avenue NE,Bellevue,WA,98004,425-452-5285,utilities@bellevuewa.gov,https://bellevuewa.gov/city-government/departments/utilities/pay-your-utility-bill/utility-rate-and-tax-relief,Up to 75% off utility costs for qualifying low-income adults age 62+ and persons with disabilities.,,No card required,true,true,47.614466,-122.1923,"450 110th Avenue NE, Bellevue, WA 98004, United States of America",,450,110th Avenue NE,98004,,,Bellevue,King County,Washington,WA,United States,us,0.75,1,0.75,© OpenAddresses contributors,BSD-3-Clause License,
2018-04-12T00:00:00.000,Utilities & Cable TV,City of Black Diamond,,"24301 Roberts Drive, PO Box 599",Black Diamond,WA,98010,360-888-5700,info@ci.blackdiamond.wa.us,https://www.blackdiamondwa.gov/finance/pages/lifeline-utility-discount,"Utility rate reductions of up to 50% for water, sewer and stormwater charges for residents aged 62+ or have a permanent disability, and are low income.",,No card required,true,true,47.311954,-122.018929,"24301 Roberts Drive, Black Diamond, WA 98010, United States of America",,24301,Roberts Drive,98010,,,Black Diamond,King County,Washington,WA,United States,us,0.33333333333333337,1,0.33333333333333337,© OpenAddresses contributors,BSD-3-Clause License,
2018-04-12T00:00:00.000,Utilities & Cable TV,City of Covington,,18631 SE 300th Place,Covington,WA,98042,253-631-0565,frontdesk@covingtonwater.com,https://www.covingtonwater.com/156/Low-Income-Discount,Provides a utility tax rebate for low-income adults over 65 and those with disabilities.,,No card required,true,true,47.33198,-122.093266,"18631 SE 300th Place, Covington, WA 98042, United States of America",,18631,SE 300th Place,98042,,,Covington,King County,Washington,WA,United States,us,0.75,1,0.75,© OpenAddresses contributors,BSD-3-Clause License,
2018-04-12T00:00:00.000,Utilities & Cable TV,City of Enumclaw,,1339 Griffin Ave.,Enumclaw,WA,98022,360-825-3591,utilities@ci.enumclaw.wa.us,https://www.cityofenumclaw.net/169/Utilities,"Utility discount program for low-income individuals aged 65+, or those who are permanently disabled.   Eligible individuals receive 30% discount on basic charges for water, sewer, garbage, and natural gas.",,No card required,true,true,47.2045305,-121.9909315,"Enumclaw City Hall, 1339 Griffin Avenue, Enumclaw, WA 98022, United States of America",Enumclaw City Hall,1339,Griffin Avenue,98022,,,Enumclaw,King County,Washington,WA,United States,us,0.63,1,0.63,© OpenStreetMap contributors,Open Database License,https://www.openstreetmap.org/copyright
2018-04-12T00:00:00.000,Utilities & Cable TV,City of Kirkland,,123 5th Ave,Kirkland,WA,98033,425-587-3150,utilitybilling@kirklandwa.gov,https://www.kirklandwa.gov/Government/Departments/Finance-and-Administration/Customer-Accounts/Utility-Billing,"Offers reduced water, sewer and garbage rates for qualifying low income, single family residential customers who are age 62+ or living with a disability, or home kidney dialysis customers.  Reduced water rates 50% of basic charge, sewer rates 75% of b",,No card required,true,true,47.6780167,-122.2072065,"123 5th Avenue, Kirkland, WA 98033, United States of America",,123,5th Avenue,98033,,,Kirkland,King County,Washington,WA,United States,us,0.63,1,0.63,© OpenStreetMap contributors,Open Database License,https://www.openstreetmap.org/copyright
2018-04-12T00:00:00.000,Utilities & Cable TV,City of Redmond,,15670 NE 85th Street,Redmond,WA,98052,425-556-2152,utilitybilling@redmond.gov,https://www.redmond.gov/488/Low-Income-Discounts,Provides a 50% discount on City of Redmond utility bills for qualifying low-income senior citizens (62+) and those who are disabled (18 years or older).,,No card required,true,true,47.67907,-122.131116,"15670 NE 85th Street, Redmond, WA 98052, United States of America",,15670,NE 85th Street,98052,,,Redmond,King County,Washington,WA,United States,us,0.75,1,0.75,© OpenAddresses contributors,BSD-3-Clause License,
2018-04-12T00:00:00.000,Utilities & Cable TV,City of Seattle - Utility Discount Program,,PO Box 34215,Seattle,WA,98124,206-684-0268,udp@seattle.gov,http://www.seattle.gov/humanservices/services-and-programs/utility-discount-program,Offers income-eligible customers 60% discount on their Seattle City Light bill and 50% discount on their Seattle Public Utilities bill.,Eligible participants can also receive some annual free transfer station passes and possible emergency assistance if need immediate help with a past-due utility balance.,No card required,true,true,47.673455,-122.331537,"Seattle, WA, United States of America",,,,,,,Seattle,King County,Washington,WA,United States,us,0.5,1,,,,https://www.whosonfirst.org/docs/licenses/
2018-04-12T00:00:00.000,Utilities & Cable TV,City of Shoreline,,17500 Midvale Ave N,Shoreline,WA,98133,206-801-2260,crteam@shorelinewa.gov,https://www.shorelinewa.gov/services/human-services/utility-assistance-programs,"Utility assistance qualifying customers (residents age 65+, low-income residents with disabilities, and low-income residents) of Seattle City Light (SCL) and Seattle Public Utilities (SPU - water) can save 50% on electric & water bills.   Utility assi",,No card required,true,true,47.756353250000004,-122.34340573210048,"Shoreline City Hall, 17500 Midvale Avenue North, Shoreline, WA 98133, United States of America",Shoreline City Hall,17500,Midvale Avenue North,98133,Meridian Park,,Shoreline,King County,Washington,WA,United States,us,0.63,1,0.63,© OpenStreetMap contributors,Open Database License,https://www.openstreetmap.org/copyright
2018-04-12T00:00:00.000,Utilities & Cable TV,City of Tukwila,,6200 Southcenter Boulevard,Tukwila,WA,98188,206-433-7190,Finance@tukwilawa.gov,http://www.tukwilawa.gov/departments/finance/finance-department-utilities,"Through the Utility Relief Program, provides reduction in electricity and gas for customers age 62+ or those permanently disabled; income restrictions apply.",,No card required,true,true,47.4631499,-122.25531655538637,"Tukwila City Hall, 6200 Southcenter Boulevard, Tukwila, WA 98188, United States of America",Tukwila City Hall,6200,Southcenter Boulevard,98188,,,Tukwila,King County,Washington,WA,United States,us,0.6666666666666667,1,0.6666666666666667,© OpenStreetMap contributors,Open Database License,https://www.openstreetmap.org/copyright
2019-07-10T00:00:00.000,Health & Medical,Clear Hearing and Audiology,,201 Yale Ave N,Seattle,WA,98109,206-596-2099,shivani@clearhearingseattle.com,https://www.ClearHearingSeattle.com,This discount entitles you to an entry-level hearing aid for only $500. Schedule a consultation and you may try this technology for FREE before you buy it! Fitting and follow-up services are not included.,This discount entitles you to an entry-level hearing aid for only $500. Schedule a consultation and you may try this technology for FREE before you buy it! Fitting and follow-up services are not included.,No card required,true,true,47.6197972,-122.3306212,"Go PT, 201 Yale Avenue North, Seattle, WA 98109, United States of America",Go PT,201,Yale Avenue North,98109,South Lake Union,First Hill,Seattle,King County,Washington,WA,United States,us,0.63,1,0.63,© OpenStreetMap contributors,Open Database License,https://www.openstreetmap.org/copyright
2018-04-12T00:00:00.000,"Home, Garden & Home Repair","Collier Plumber, Inc",,10814 5th Ave S,Seattle,WA,98168,206-246-5325,collierplumber@clearwire.net,http://www.collierplumber.com,10% off plumbing repairs.  Age 60+.,,No card required,true,true,47.50641275,-122.32708945,"10814 5th Avenue South, Seattle, WA 98168, United States of America",,10814,5th Avenue South,98168,Top Hat,,Seattle,King County,Washington,WA,United States,us,1,1,1,© OpenStreetMap contributors,Open Database License,https://www.openstreetmap.org/copyright
4/12/2018,Fitness & Recreation; Classes & Learning,"Colman Pool (summer only), Seattle Parks and Recreation",,8603 Fauntleroy Way SW,Seattle,WA,98136,206-684-7494,,http://www.seattle.gov/parks/find/pools/colman-pool,"Enjoying a stunning setting on the beach, the pool is heated saltwater, and has an ADA lift and portable access stairs.",Details on senior discounts at: https://www.seattle.gov/parks/find/pools/pool-admissions-fees. Further reduced price scholarships for income eligible individuals at: https://www.seattle.gov/parks/find/scholarships-and-financial-aid,No card required,true,true,47.53042,-122.400714,"8603 Fauntleroy Way SW, Seattle, WA 98136, United States of America",,8603,Fauntleroy Way SW,98136,,Fauntleroy,Seattle,King County,Washington,WA,United States,us,0.75,1,0.75,© OpenAddresses contributors,BSD-3-Clause License,
4/12/2018,Elder Care,Community Living Connections,,.,.,.,.,206-962-8467,info@communitylivingconnections.org,http://www.communitylivingconnections.org,"Free, objective, confidential information by phone or appointment about community resources and service options for older adults, adults with disabilities, caregivers, and family members.",,No card required,true,true,,,,,,,,,,,,,,,,,,,,,
2018-04-12T00:00:00.000,Auto Services & Transportation,Courtesy Tire,,4820 California Ave SW,Seattle,WA,98116,206-932-5044,,http://www.courtesytire.com,10% off labor. 10% off tires (excluding ad prices).  Age 60+ or adults with disabilities,,No card required,true,true,47.5589099,-122.38632025443545,"Courtesy Tire, 4820 California Avenue Southwest, Seattle, WA 98116, United States of America",Courtesy Tire,4820,California Avenue Southwest,98116,,West Seattle,Seattle,King County,Washington,WA,United States,us,0.63,1,0.63,© OpenStreetMap contributors,Open Database License,https://www.openstreetmap.org/copyright
2018-04-12T00:00:00.000,Utilities & Cable TV,Covington Water District,,.,Covington,WA,.,253-631-0565,frontdesk@covingtonwater.com,http://www.covingtonwater.com/156/Low-Income-Discount,Offers qualified low income senior citizens (62+) and low-income disabled customers a rate discount.   The discount is equivalent to the standard residential flat rate.,,No card required,true,true,47.3657791,-122.100222,"Covington, WA 98042, United States of America",,,,98042,,,Covington,King County,Washington,WA,United States,us,0.5,1,,© OpenStreetMap contributors,Open Database License,https://www.openstreetmap.org/copyright
6/1/2021,Other,Day Interpreting,,415 Madison Avenue 14th floor,New York,NY,10017,1-800-969-6853,support@daytranslations.com,https://dayinterpreting.com/,"10% discount on any translation and interpretation services. Our company provides real-time multilingual interpreting. You can connect to a phone interpreter instantly with our easy to use, real-time interpretation app.",,No card required,true,true,40.756707,-73.976246,"415 Madison Avenue, New York, NY 10017, United States of America",,415,Madison Avenue,10017,Manhattan,Midtown East,New York,New York County,New York,NY,United States,us,0.4,1,0.4,© OpenAddresses contributors,BSD-3-Clause License,
2019-04-19T00:00:00.000,Other,"Day Translations, Inc.",Day Translations,"415 Madison Avenue, 14th Floor",New York,NY,10017,212-537-6123,contact@daytranslations.com,https://www.daytranslations.com/,10% discount on any of our translation and interpretation services.,,No card required,true,true,40.756707,-73.976246,"415 Madison Avenue, New York, NY 10017, United States of America",,415,Madison Avenue,10017,Manhattan,Midtown East,New York,New York County,New York,NY,United States,us,0.4,1,0.4,© OpenAddresses contributors,BSD-3-Clause License,
2018-04-12T00:00:00.000,Legal & Financial,"Donaldson & Knigge, LLC",,210 Summit Ave E,Seattle,WA,98102,206-915-0137,lisadonaldson@seattletrafficlawyer.com,http://www.seattletrafficlawyer.com,Free initial phone consultation 10% discount off traffic ticket defense,,No card required,true,true,47.620045399999995,-122.32502384988726,"Windermere Property Management, 210 Summit Avenue East, Seattle, WA 98102, United States of America",Windermere Property Management,210,Summit Avenue East,98102,,Capitol Hill,Seattle,King County,Washington,WA,United States,us,0.63,1,0.63,© OpenStreetMap contributors,Open Database License,https://www.openstreetmap.org/copyright
2018-04-12T00:00:00.000,Auto Services & Transportation,Downtown Automotive,,702 6th Ave N,Seattle,WA,98109,206-270-8500,rsimpokes@yahoo.com,http://www.downtownautomotiveinc.com,10% off labor,,GOLD card required,true,true,47.6255821,-122.3445298,"702 6th Avenue North, Seattle, WA 98109, United States of America",,702,6th Avenue North,98109,South Lake Union,Belltown,Seattle,King County,Washington,WA,United States,us,0.63,1,0.63,© OpenStreetMap contributors,Open Database License,https://www.openstreetmap.org/copyright
2018-04-12T00:00:00.000,Auto Services & Transportation,Eurocar Service,,5821 Roosevelt Way NE,Seattle,WA,98105,206-527-8828,info@eurocarservice.com,http://www.eurocarservice.com,10% off labor up to $50 Cannot be combined with any other offer,,No card required,true,true,47.671258,-122.317615,"5821 Roosevelt Way NE, Seattle, WA 98105, United States of America",,5821,Roosevelt Way NE,98105,,University District,Seattle,King County,Washington,WA,United States,us,0.75,1,0.75,© OpenAddresses contributors,BSD-3-Clause License,
4/12/2018,Fitness & Recreation; Classes & Learning,"Evans Pool, Seattle Parks and Recreation",,7201 E Greenlake Dr N,Seattle,WA,98115,206-684-4961,,http://www.seattle.gov/parks/find/pools/evans-pool,"We offer adult and senior adult lessons and our many exercise programs include shallow water aerobics, deep water aerobics, and ""Swimstrong"" workouts. We also offer family swim, public swim, and lap swim times.",Details on senior discounts at: https://www.seattle.gov/parks/find/pools/pool-admissions-fees. Further reduced price scholarships for income eligible individuals at: https://www.seattle.gov/parks/find/scholarships-and-financial-aid,No card required,true,true,47.680269,-122.328667,"7201 East Green Lake Drive North, Seattle, WA 98115, United States of America",,7201,East Green Lake Drive North,98115,,Green Lake,Seattle,King County,Washington,WA,United States,us,0.4444444444444444,1,0.4444444444444444,© OpenAddresses contributors,BSD-3-Clause License,
2018-04-12T00:00:00.000,"Home, Garden & Home Repair",Greenwood True Value Hardware,,7201 Greenwood Ave N,Seattle,WA,98103,206-783-2900,ghw@greenwoodharware.com,http://www.greenwoodhardware.com,"10% off all items, except sale items Age 60+ or adults with disabilities",,No card required,true,true,47.6809029,-122.3555157,"Greenwood Hardware, 7201 Greenwood Avenue North, Seattle, WA 98103, United States of America",Greenwood Hardware,7201,Greenwood Avenue North,98103,,Phinney Ridge,Seattle,King County,Washington,WA,United States,us,0.63,1,0.63,© OpenStreetMap contributors,Open Database License,https://www.openstreetmap.org/copyright
2022-05-19T00:00:00.000,Food & Beverage / Restaurant,Happy Tea,,14314 Greenwood Ave N %232,Seattle,WA,98133,206-402-3959,happyteafood@gmail.com,,10% off with GOLD or FLASH card. Card required.,"10% off purchase, excluding sales tax, any day of the week.",Both Gold and FLASH card,true,true,47.65695,-122.355485,"Greenwood Avenue North, Seattle, WA 98103, United States of America",,,Greenwood Avenue North,98103,,Fremont,Seattle,King County,Washington,WA,United States,us,0.3969,1,0.3969,© OpenStreetMap contributors,Open Database License,https://www.openstreetmap.org/copyright
4/12/2018,Fitness & Recreation; Classes & Learning,"Helene Madison Pool, Seattle Parks and Recreation",,13401 Meridian Ave N,Seattle,WA,98133,206-684-4979,,http://www.seattle.gov/parks/find/pools/madison-pool,"We offer adult and senior adult lessons and a variety of exercise classes. We also offer family swim, public swim, and lap swim times.",Details on senior discounts at: https://www.seattle.gov/parks/find/pools/pool-admissions-fees. Further reduced price scholarships for income eligible individuals at: https://www.seattle.gov/parks/find/scholarships-and-financial-aid,,true,true,47.7257262,-122.33478664238112,"Madison Pool, 13401 Meridian Avenue North, Seattle, WA 98133, United States of America",Madison Pool,13401,Meridian Avenue North,98133,,Haller Lake,Seattle,King County,Washington,WA,United States,us,0.63,1,0.63,© OpenStreetMap contributors,Open Database License,https://www.openstreetmap.org/copyright
2018-04-12T00:00:00.000,Retail Shopping,J&B African Market,,10327 3rd Ave S,Seattle,WA,98168,206-915-5178,jpappoe@gmail.com,http://www.jbafricanmarket.com,10% off full retail price,,GOLD or FLASH card required,true,true,47.5106524,-122.33043305157895,"10327 3rd Avenue South, Seattle, WA 98168, United States of America",,10327,3rd Avenue South,98168,Top Hat,,Seattle,King County,Washington,WA,United States,us,1,1,1,© OpenStreetMap contributors,Open Database License,https://www.openstreetmap.org/copyright
2019-10-05T00:00:00.000,Other,Jet Gift Baskets,,"30 N Gould St Ste R, Sheridan, WY 82801",Sheridan,WY,82801,,candace.jetgiftbaskets@gmail.com,https://www.jetgiftbaskets.com/,"20% discount when you purchase at our website: https://www.jetgiftbaskets.com. Just use coupon code ""SEATTLE20"" at checkout.",,No card required,true,true,44.794691,-106.957712,"Sheridan, WY, United States of America",,,,,,,Sheridan,Sheridan County,Wyoming,WY,United States,us,0.5,1,,,,https://www.whosonfirst.org/docs/licenses/
2018-04-12T00:00:00.000,Health & Medical,Kang Acupuncture & Herbal Medicine Center,,11226 NE 15th St,Bellevue,WA,98004,425-401-8885,,http://www.kangacupunctureherbs.com,"20% off acupuncture treatments, 10% off Chinese herbs.  Age 60+ or adults with disabilities.",,No card required,true,true,47.6231438,-122.1553819,"Northeast 15th, Bellevue, WA 98007, United States of America",Northeast 15th,,Northeast 15th,98007,,,Bellevue,King County,Washington,WA,United States,us,0.567,1,0.567,© OpenStreetMap contributors,Open Database License,https://www.openstreetmap.org/copyright
2018-04-12T00:00:00.000,"Arts, Culture & Entertainment",Last Resort Fire Department Museum,,301 2nd Ave S,Seattle,WA,98104,206-783-4474,lastresortfd@hotmail.com,http://www.lastresortfd.org,Free admission,,GOLD or FLASH card required,true,true,47.523428,-122.3317834,"2nd Avenue South, Seattle, WA 98106, United States of America",2nd Avenue South,,2nd Avenue South,98106,South Park,,Seattle,King County,Washington,WA,United States,us,0.63,1,0.63,© OpenStreetMap contributors,Open Database License,https://www.openstreetmap.org/copyright
2018-04-12T00:00:00.000,Auto Services & Transportation,Lee's Automotive,,13281 Aurora Ave N,Seattle,WA,98133,206-204-0990,info@leesautomotive.com,http://www.leesautomotive.com,10% off,,No card required,true,true,47.7298207,-122.344566,"Five Star Autos, 13281 Aurora Avenue North, Seattle, WA 98133, United States of America",Five Star Autos,13281,Aurora Avenue North,98133,Bitter Lake,Haller Lake,Seattle,King County,Washington,WA,United States,us,0.63,1,0.63,© OpenStreetMap contributors,Open Database License,https://www.openstreetmap.org/copyright
4/12/2018,Fitness & Recreation;#Classes & Learning,"Lifelong Recreation Program, Seattle Parks and Recreation",,.,Seattle,WA,.,206-849-6564,cheryl.brown@seattle.gov,https://www.seattle.gov/parks/find/for-adults-50,View brochure for details on in-person & virtual classes at link included. Further reduced price scholarships for income eligible individuals at: https://www.seattle.gov/parks/find/scholarships-and-financial-aid,Follow along with our pre-recorded virtual recreation videos on YouTube: https://www.youtube.com/playlist?list=PLAwCwKoesrp6GbPB6Wze6wxJV25zU_n56.,No card required,true,true,47.6038321,-122.330062,"Seattle, WA, United States of America",,,,,,,Seattle,King County,Washington,WA,United States,us,0.5,1,,© OpenStreetMap contributors,Open Database License,https://www.openstreetmap.org/copyright
4/12/2018,Fitness & Recreation; Classes & Learning,"Meadowbrook Pool, Seattle Parks and Recreation",,10515 35th Ave NE,Seattle,WA,98125,206-684-4989,,http://www.seattle.gov/parks/find/pools/meadowbrook-pool,"We offer adult and senior adult lessons. Exercise programs offered include aqua jogging, hyrdofit exercise, and water exercise. We also offer family swim, public swim, and lap swim times.",Details on senior discounts at: https://www.seattle.gov/parks/find/pools/pool-admissions-fees. Further reduced price scholarships for income eligible individuals at: https://www.seattle.gov/parks/find/scholarships-and-financial-aid,No card required,true,true,47.7054377,-122.2915556,"Meadowbrook Pool, 10515 35th Avenue Northeast, Seattle, WA 98125, United States of America",Meadowbrook Pool,10515,35th Avenue Northeast,98125,Alicia Park,Lake City,Seattle,King County,Washington,WA,United States,us,0.63,1,0.63,© OpenStreetMap contributors,Open Database License,https://www.openstreetmap.org/copyright
4/12/2018,Fitness & Recreation; Classes & Learning,"Mounger Pool (summer only), Seattle Parks and Recreation",,2535 32nd Ave W,Seattle,WA,98199,206-684-4708,,http://www.seattle.gov/parks/find/pools/mounger-pool,Enjoy the outdoor pool with an ADA lift and portable access stairs.,Details on senior discounts at: https://www.seattle.gov/parks/find/pools/pool-admissions-fees. Further reduced price scholarships for income eligible individuals at: https://www.seattle.gov/parks/find/scholarships-and-financial-aid,No card required,true,true,47.6423845,-122.3985133,"2535 32nd Avenue West, Seattle, WA 98199, United States of America",,2535,32nd Avenue West,98199,Magnolia Village,Magnolia,Seattle,King County,Washington,WA,United States,us,0.63,1,0.63,© OpenStreetMap contributors,Open Database License,https://www.openstreetmap.org/copyright
2018-04-12T00:00:00.000,"Hair, Skin & Spa",NCN Hair Pro Salon,,"10700 SE 208th St, Unit %23106",Renton,WA,98031,206-283-1291,nuongdang0712@yahoo.com,,25% discount.  Gold or Flash Card required.,,No card required,true,true,47.475649,-122.195335,"Renton, WA, United States of America",,,,,,,Renton,King County,Washington,WA,United States,us,0.5,1,,,,https://www.whosonfirst.org/docs/licenses/
2018-04-12T00:00:00.000,Health & Medical,North Seattle Community Acupuncture,,11329 Pinehurst Way NE,Seattle,WA,98125,206-524-6428,clinic@northseaforme.com,http://www.northseaforme.com,Clinic is wheelchair accessible. Wide hallway and large bathroom make it easy to maneuver around.,Clinic is wheelchair accessible. Wide hallway and large bathroom make it easy to maneuver around.,No card required,true,true,47.7112477,-122.317184,"NorthSea Orthopedic & Community Acupuncture, 11329 Pinehurst Way Northeast, Seattle, WA 98125, United States of America",NorthSea Orthopedic & Community Acupuncture,11329,Pinehurst Way Northeast,98125,Victory Heights,Northgate,Seattle,King County,Washington,WA,United States,us,0.63,1,0.63,© OpenStreetMap contributors,Open Database License,https://www.openstreetmap.org/copyright
9/9/2022,Classes & Learning; Other,Northwest Center--People of All Abilities,,1119 SW 7th Street,Renton,WA,98057,(206) 285-9140,,https://www.nwcenter.org/,"Employment Services for adults with disabilities include transition services, vocational training, job placement, and supported employment. Donations of clothing and household items can also be arranged at 800-992-2060.","Employment services places people in jobs that match their skills, and then provide them with the appropriate level of support at each step along their career path. Services for children also available. Services offered in King, Snohomish, Pierce, Okanogan, and Spokane counties.",No card Required,true,true,47.473264,-122.232134,"1119 SW 7th Street, Renton, WA 98057, United States of America",,1119,SW 7th Street,98057,,,Renton,King County,Washington,WA,United States,us,0.75,1,0.75,© OpenAddresses contributors,BSD-3-Clause License,
2022-05-12T00:00:00.000,"Home, Garden & Home Repair; Retail Shopping",OnePlus Kitchen & Home,,650 S Jackson Street,Seattle,WA,98104,206-624-4821,oneplus3228@gmail.com,,Additional 10% off items already on sale. 20% off regularly priced selected items (discount not available for all items).,Find kitchen goods and Asian gifts for your home.,Both Gold and FLASH card,true,true,47.5993487,-122.32487,"650 South Jackson Street, Seattle, WA 98104, United States of America",,650,South Jackson Street,98104,Little Saigon,Chinatown/International District,Seattle,King County,Washington,WA,United States,us,0.63,1,0.63,© OpenStreetMap contributors,Open Database License,https://www.openstreetmap.org/copyright
4/12/2018,Fitness & Recreation; Classes & Learning,"Queen Anne Pool, Seattle Parks and Recreation",,1920 1st Ave W,Seattle,WA,98119,206-386-4282,,http://www.seattle.gov/parks/find/pools/queen-anne-pool,"Located on Queen Anne Hill, we offer a wide array of programs and special events.",Details on senior discounts at: https://www.seattle.gov/parks/find/pools/pool-admissions-fees. Further reduced price scholarships for income eligible individuals at: https://www.seattle.gov/parks/find/scholarships-and-financial-aid,No card required,true,true,47.6363722,-122.35792009329906,"Queen Anne Aquatic Center, 1920 1st Avenue West, Seattle, WA 98119, United States of America",Queen Anne Aquatic Center,1920,1st Avenue West,98119,,Queen Anne,Seattle,King County,Washington,WA,United States,us,0.63,1,0.63,© OpenStreetMap contributors,Open Database License,https://www.openstreetmap.org/copyright
2022-05-21T00:00:00.000,Food & Beverage / Grocery; Food & Beverage / Restaurant,Racha Thai GO (Bellevue),,12 Bellevue Way SE.,Bellevue,WA,98004,4255985548,rachathaigo@gmail.com,https://www.rachathai.com,10% disocunt,10% off your total bill. Cannot combine with any other discount or promotion.,Both Gold and FLASH card,true,true,47.609884,-122.201091,"12 Bellevue Way SE, Bellevue, WA 98004, United States of America",,12,Bellevue Way SE,98004,,,Bellevue,King County,Washington,WA,United States,us,0.75,1,0.75,© OpenAddresses contributors,BSD-3-Clause License,
4/12/2018,Fitness & Recreation; Classes & Learning,"Rainier Beach Pool, Seattle Parks and Recreation",,8825 Rainier Ave S,Seattle,WA,98118,206-386-1944,,http://www.seattle.gov/parks/find/pools/rainier-beach-pool,"We offer a wide array of aquatics programs for all ages and abilities. Exercise classes include aqua jogging, hydro-fit exercise, and water exercise. We offer senior adult swim lessons.",Details on senior discounts at: https://www.seattle.gov/parks/find/pools/pool-admissions-fees. Further reduced price scholarships for income eligible individuals at: https://www.seattle.gov/parks/find/scholarships-and-financial-aid,No card required,true,true,47.52439,-122.27070896241277,"Rainier Beach Community Center, 8825 Rainier Avenue South, Seattle, WA 98118, United States of America",Rainier Beach Community Center,8825,Rainier Avenue South,98118,Rainier Beach,,Seattle,King County,Washington,WA,United States,us,0.63,1,0.63,© OpenStreetMap contributors,Open Database License,https://www.openstreetmap.org/copyright
8/15/2022,Auto Services & Transportation,Regional Reduced Fare Permit,METRO King County,.,Seattle,WA,.,206-553-3000,,https://kingcounty.gov/depts/transportation/metro/fares-orca/orca-cards/reduced-fare-permit.aspx#senior,No card Required,"The Regional Reduced Fare Permit (RRFP) gives riders ages 65+, riders with disabilities, and Medicare card holders reduced fares on participating transit agencies in the Puget Sound area, including Link Light Rail, ACCESS vans, and more.",,true,true,47.6038321,-122.330062,"Seattle, WA, United States of America",,,,,,,Seattle,King County,Washington,WA,United States,us,0.5,1,,© OpenStreetMap contributors,Open Database License,https://www.openstreetmap.org/copyright
8/15/2022,Auto Services & Transportation,"Regional Reduced Fare Permit (RRFP), METRO King County",METRO King County,"King Street Center, 201 South Jackson St.",Seattle,WA,98104,206-553-3000,,https://kingcounty.gov/depts/transportation/metro/fares-orca/orca-cards/reduced-fare-permit.aspx#senior,"The Regional Reduced Fare Permit (RRFP) gives riders ages 65+, riders with disabilities, and Medicare card holders reduced fares on participating transit agencies in the Puget Sound area, including Link Light Rail, ACCESS vans, VIA to transit, and more.",,No card Required,true,true,47.59893355,-122.33092308579052,"King Street Center, South Jackson Street, Seattle, WA 98104, United States of America",King Street Center,,South Jackson Street,98104,,Chinatown/International District,Seattle,King County,Washington,WA,United States,us,0.4285714285714286,1,0.4285714285714286,© OpenStreetMap contributors,Open Database License,https://www.openstreetmap.org/copyright
2018-04-12T00:00:00.000,Auto Services & Transportation,Rose Street Auto Repair,,8335 Rainier Ave S,Seattle,WA,98118,206-723-7500,phillipautomotive@yahoo.com,,"10% off parts, excluding dealer parts.  10% off labor.",,No card required,true,true,47.52805985,-122.27043194582379,"8335 Rainier Avenue South, Seattle, WA 98118, United States of America",,8335,Rainier Avenue South,98118,Dunlap,Dunlap,Seattle,King County,Washington,WA,United States,us,0.63,1,0.63,© OpenStreetMap contributors,Open Database License,https://www.openstreetmap.org/copyright
2018-04-12T00:00:00.000,Pets & Veterinary,Seattle Animal Shelter,,2061 15th Ave W,Seattle,WA,98119,206-386-7387,seattleanimalshelter@seattle.gov,http://www.seattle.gov/animalshelter,50% discount on altered pet license fees and 50% off pet adoption fees. Age 60+ or adults with disabilities.,,GOLD or FLASH card required,true,true,47.6382636,-122.3765283,"2061 15th Avenue West, Seattle, WA 98119, United States of America",,2061,15th Avenue West,98119,Interbay,Queen Anne,Seattle,King County,Washington,WA,United States,us,0.63,1,0.63,© OpenStreetMap contributors,Open Database License,https://www.openstreetmap.org/copyright
2018-10-14T00:00:00.000,"Hotels, Travel & Tourism; Fitness & Recreation",Seattle Aquarium,,1483 Alaskan Way (Pier 59),Seattle,WA,98101,206-386-4300,contactus@seattleaquarium.org,https://www.seattleaquarium.org,"Free entrance with the Gold or FLASH Card. For regular ticket prices, hours, directions, and accessibility information, visit https://www.seattleaquarium.org/visit or call 206-386-4300.",,No card required,true,true,47.607408899999996,-122.3431270461208,"Pier 59, Alaskan Way, Seattle, WA 98181, United States of America",Pier 59,,Alaskan Way,98181,West Edge,Belltown,Seattle,King County,Washington,WA,United States,us,0.4,1,0.4,© OpenStreetMap contributors,Open Database License,https://www.openstreetmap.org/copyright
2021-06-09T00:00:00.000,Auto Services & Transportation,Seattle Center Monorail,,"370 Thomas St, 2nd Floor",Seattle,WA,98109,206-905-2601,info@seattlemonorail.com,http://www.seattlemonorail.com,,,Gold or FLASH card required,true,true,47.6212,-122.349729,"370 Thomas Street, Seattle, WA 98109, United States of America",,370,Thomas Street,98109,,Lower Queen Anne,Seattle,King County,Washington,WA,United States,us,0.25004699999999996,1,0.25004699999999996,© OpenAddresses contributors,BSD-3-Clause License,
2018-04-12T00:00:00.000,Fitness & Recreation,Seattle Japanese Garden,,1075 Lake Washington Blvd E,Seattle,WA,98112,206-684-4725,,https://www.seattlejapanesegarden.org/,Discount entry rate of $4.  Adults with disabilities or age 65+.,,No card required,true,true,47.6298388,-122.29717863868424,"Japanese Garden, 1075 Lake Washington Boulevard East, Seattle, WA 98112, United States of America",Japanese Garden,1075,Lake Washington Boulevard East,98112,,Madison Park,Seattle,King County,Washington,WA,United States,us,0.63,1,0.63,© OpenStreetMap contributors,Open Database License,https://www.openstreetmap.org/copyright
2018-04-12T00:00:00.000,"Arts, Culture & Entertainment",Seattle Pinball Museum,,508 Maynard Ave S,Seattle,WA,98104,206-623-0759,info@seattlepinballmuseum.com,http://www.seattlepinballmuseum.com,10% off,,No card required,true,true,47.5980084,-122.3248559,"Seattle Pinball Museum, 508 Maynard Avenue South, Seattle, WA 98104, United States of America",Seattle Pinball Museum,508,Maynard Avenue South,98104,Little Saigon,Chinatown/International District,Seattle,King County,Washington,WA,United States,us,0.63,1,0.63,© OpenStreetMap contributors,Open Database License,https://www.openstreetmap.org/copyright
2018-04-12T00:00:00.000,Health & Medical,Seattle Vision Care Center,,311 Union St,Seattle,WA,98101,206-622-1283,mail@seattlevision.net,http://www.seattlevision.net,15% off,,No card required,true,true,47.6084524,-122.3359879,"311 Union Street, Seattle, WA 98101, United States of America",,311,Union Street,98101,Central Business District,Belltown,Seattle,King County,Washington,WA,United States,us,0.63,1,0.63,© OpenStreetMap contributors,Open Database License,https://www.openstreetmap.org/copyright
2018-04-12T00:00:00.000,"Home, Garden & Home Repair",Sky Nursery,,18528 Aurora Ave,Shoreline,WA,98133,206-546-4851,sky@skynursery.com,http://www.skynursery.com,"Discount does not apply to gift certificates, bulk deliveries, delivery fees, sale items or prior sales","Discount does not apply to gift certificates, bulk deliveries, delivery fees, sale items or prior sales",GOLD or FLASH card required,true,true,47.7564667,-122.3437497,"Shoreline, WA 98155, United States of America",,,,98155,,,Shoreline,King County,Washington,WA,United States,us,0.5,1,,© OpenStreetMap contributors,Open Database License,https://www.openstreetmap.org/copyright
2018-04-12T00:00:00.000,Food & Beverage / Restaurant,Skylark Cafe & Club,,3803 Delridge Way SW,Seattle,WA,98106,206-935-2111,jessie@skylarkcafe.com,http://www.skylarkcafe.com,"10% off entire lunch, dinner, or weekend brunch Age 60+ or adults with disabilities",,GOLD or FLASH card required,true,true,47.570002,-122.362525,"3803 Delridge Way SW, Seattle, WA 98106, United States of America",,3803,Delridge Way SW,98106,,North Delridge,Seattle,King County,Washington,WA,United States,us,0.75,1,0.75,© OpenAddresses contributors,BSD-3-Clause License,
2022-06-13T00:00:00.000,Retail Shopping,Snapdoodle Toys,,120 N 85th Street,Seattle,WA,98103,206-782-0098,seattle@snapdoodletoys.com,https://www.snapdoodletoys.com,"10% off on your purchase. Discount honored at any of six Snapdoodle Toys locations (Seattle, Kenmore, Redmond, Issaquah, Totem Lake & Bellevue).","We sell Puzzles, Board Games, Books and amazing other toys. You will receive a 10% discount on your purchase at any of our Snapdoodle Toys locations.",Both Gold and FLASH card,true,true,47.6909885,-122.3570102,"Snapdoodle Toys & Games Seattle, 120 North 85th Street, Seattle, WA 98103, United States of America",Snapdoodle Toys & Games Seattle,120,North 85th Street,98103,,Greenwood,Seattle,King County,Washington,WA,United States,us,0.63,1,0.63,© OpenStreetMap contributors,Open Database License,https://www.openstreetmap.org/copyright
4/12/2018,Fitness & Recreation; Classes & Learning,"Sound Steps Walking Program, Seattle Parks and Recreation",,.,Seattle,WA,.,206-684-4664,sound.steps@seattle.gov,http://www.seattle.gov/parks/find/sound-steps-(50),FREE year-round walking program designed to get adults age 50+ moving and gaining the health benefits of regular exercise. Participants are connected to other walkers on their level and given tools to measure progress. Weekly walking groups/monthly hikes.,"Enjoy walking? Volunteers needed! If you would like to help lead walks, keep track of walker data, promote the program or motivate others, please contact us.",No card required,true,true,47.6038321,-122.330062,"Seattle, WA, United States of America",,,,,,,Seattle,King County,Washington,WA,United States,us,0.5,1,,© OpenStreetMap contributors,Open Database License,https://www.openstreetmap.org/copyright
4/12/2018,Fitness & Recreation; Classes & Learning,"Southwest Pool, Seattle Parks and Recreation",,2801 SW Thistle St,Seattle,WA,98126,206-684-7440,,http://www.seattle.gov/parks/find/pools/southwest-pool,"Located in Southwest Seattle, we offer an array of programs and events.",Details on senior discounts at: https://www.seattle.gov/parks/find/pools/pool-admissions-fees. Further reduced price scholarships for income eligible individuals at: https://www.seattle.gov/parks/find/scholarships-and-financial-aid,No card required,true,true,47.5276609,-122.3689014,"JUMs, 2801 Southwest Thistle Street, Seattle, WA 98126, United States of America",JUMs,2801,Southwest Thistle Street,98126,Westwood,,Seattle,King County,Washington,WA,United States,us,0.63,1,0.63,© OpenStreetMap contributors,Open Database License,https://www.openstreetmap.org/copyright
2018-04-12T00:00:00.000,Retail Shopping,Sweet Mickey's Candy Store,,2230 NW 57th St,Seattle,WA,98107,206-402-6272,randy@sweetmickeys.com,http://www.sweetmickeys.com,20% Discount,,GOLD or FLASH card required,true,true,47.6703166,-122.3861945,"2230 Northwest 57th Street, Seattle, WA 98107, United States of America",,2230,Northwest 57th Street,98107,Sunset Hill,Ballard,Seattle,King County,Washington,WA,United States,us,0.63,1,0.63,© OpenStreetMap contributors,Open Database License,https://www.openstreetmap.org/copyright
2022-08-08T00:00:00.000,Auto Services & Transportation,T-Auto Repair,,9480 Rainier Avenue S.,Seattle,WA,98118,206-721-5306,TAutoRepair9480@gmail.com,https://t-auto-repair-seattle-llc.business.site/,20% off entire purchase.,,Both Gold and FLASH card,true,true,47.52041765,-122.26189165175002,"Dan's Auto Repair, 9480 Rainier Avenue South, Seattle, WA 98118, United States of America",Dan's Auto Repair,9480,Rainier Avenue South,98118,Rainier Beach,Dunlap,Seattle,King County,Washington,WA,United States,us,0.63,1,0.63,© OpenStreetMap contributors,Open Database License,https://www.openstreetmap.org/copyright
9/6/2022,Health & Medical; Classes & Learning,One Step Ahead Fall Prevention Program,,.,King County,WA,Cities in King County (except Seattle),206-263-8544,FallPrevention.EMS@kingcounty.gov,https://kingcounty.gov/depts/health/emergency-medical-services/community/fall-prevention.aspx,"To enroll in this free program to receive your own home safety walk-through, you must be a resident of King County (outside of & excluding Seattle), 50 years of age or older, ambulatory and have fallen within the past 6 months and called 911.","Program provides free in-home or virtual visit by a fall prevention health educator, including a home walk-through to address potential fall hazards, education about staying safe in your home, installation of safety devices and information to help stay independent and safe in your home.",No card Required,true,true,47.3871102,-122.28427616232469,"King County, WA, United States of America",,,,,,,King County,King County,Washington,WA,United States,us,0.5,1,,© OpenStreetMap contributors,Open Database License,https://www.openstreetmap.org/copyright
2022-08-08T00:00:00.000,"Hair, Skin & Spa",Tina Hair & Nail Salon,,5101 Rainier Avenue S.,Seattle,WA,98118,206-723-2999,thaonguyen@yahoo.com,,10% off. Gold or FLASH Card required.,,Both Gold and FLASH card,true,true,47.5559577,-122.283797,"5101 Rainier Avenue South, Seattle, WA 98118, United States of America",,5101,Rainier Avenue South,98118,Columbia City,Rainier Valley,Seattle,King County,Washington,WA,United States,us,0.63,1,0.63,© OpenStreetMap contributors,Open Database License,https://www.openstreetmap.org/copyright
2018-04-12T00:00:00.000,Auto Services & Transportation,Tom's Automotive Service,,3616 SW Oregon St,Seattle,WA,98126,206-937-1144,service@tomsautomotive.com,http://www.tomsautomotive.com,10% off up to $40 Age 60+,,GOLD or FLASH card required,true,true,47.5631233,-122.37824220640334,"3616 Southwest Oregon Street, Seattle, WA 98126, United States of America",,3616,Southwest Oregon Street,98126,,West Seattle,Seattle,King County,Washington,WA,United States,us,0.63,1,0.63,© OpenStreetMap contributors,Open Database License,https://www.openstreetmap.org/copyright
2018-04-12T00:00:00.000,"Arts, Culture & Entertainment",Town Hall Seattle,,1119 8th Ave,Seattle,WA,98101,206-652-4255,info@townhallseattle.org,http://www.townhallseattle.org,"30% off individual Town Hall membership ($30, regularly $45)",,GOLD or FLASH card required,true,true,47.6090191,-122.32993774092222,"Town Hall Seattle, 1119 8th Avenue, Seattle, WA 98101, United States of America",Town Hall Seattle,1119,8th Avenue,98101,Central Business District,First Hill,Seattle,King County,Washington,WA,United States,us,0.63,1,0.63,© OpenStreetMap contributors,Open Database License,https://www.openstreetmap.org/copyright
9/9/2022,"Classes & Learning; Home, Garden & Home Repair; Other","Trees for Neighborhoods, City of Seattle",,.,Seattle,WA,throughout Seattle,206-684-TREE (8733),TreesForNeighborhoods@Seattle.gov,https://seattle.gov/trees/planting-and-care/trees-for-neighborhoods?utm_medium=email&utm_source=govdelivery,"Free trees to plant in your yard and/or parking strip, per availability and location. Includes help with tree planting, location selection and finding the right tree, as well as training and workshops on proper planting and care.","Application timeline in fall and spring. Up to 4 trees per household, lifetime maximum of 6 trees.",No card Required,true,true,47.6038321,-122.330062,"Seattle, WA, United States of America",,,,,,,Seattle,King County,Washington,WA,United States,us,0.5,1,,© OpenStreetMap contributors,Open Database License,https://www.openstreetmap.org/copyright
8/14/2022,"Home, Garden & Home Repair; Pets & Veterinary; Retail Shopping",Urban Feed and Garden,,4878 Beacon Ave S,Seattle,WA,98108,206-420-2047,urbanfeedandgarden@gmail.com,https://www.urbanfeedandgarden.com,10% discount,10% discount for GOLD and FLASH cardholders. Discount will also be offered to seniors with ID.,Both Gold and FLASH card,true,true,47.5588095,-122.3039378,"4878 Beacon Avenue South, Seattle, WA 98108, United States of America",,4878,Beacon Avenue South,98108,Rainier Vista,Rainier Valley,Seattle,King County,Washington,WA,United States,us,0.63,1,0.63,© OpenStreetMap contributors,Open Database License,https://www.openstreetmap.org/copyright
8/17/2022,Elder Care; Food & Beverage / Grocery; Health & Medical; Legal & Financial; Other,Washington Connection,,.,Statewide,WA,.,,,https://www.washingtonconnection.org/home/home.go,"A fast and easy way for families and individuals to apply for a variety of services such as Food, Cash, Long-Term Care, and Medicare Savings Programs. Eligibility and discount determined according to income guidelines. Individuals age 65+, blind or disabled may also apply for medical assistance.",,No card Required,true,true,48.821908,-121.872515,"Whatcom County, WA, United States of America",Whatcom County,,,,,,,Whatcom County,Washington,WA,United States,us,0.25,,,,,https://www.whosonfirst.org/docs/licenses/
2018-04-12T00:00:00.000,Fitness & Recreation,Washington State Parks,,PO Box 42650,Olympia,WA,98504,360-902-8500,infocent@parks.wa.gov,http://www.parks.state.wa.us/205/passes,"Off-Season Senior Citizen Pass, Senior Citizen Limited Income Pass, Disability Pass, and Disabled Veteran Lifetime Pass Call or e-mail to request cost information or an application.","Off-Season Senior Citizen Pass, Senior Citizen Limited Income Pass, Disability Pass, and Disabled Veteran Lifetime Pass Call or e-mail to request cost information or an application.",GOLD or FLASH card required,true,true,47.047456,-122.896902,"Olympia, WA, United States of America",,,,,,,Olympia,Thurston County,Washington,WA,United States,us,0.5,1,,,,https://www.whosonfirst.org/docs/licenses/
9/9/2022,"Technology, Computers & Mobile Phones",TechConnectWA,,.,Statewide,WA,.,800-216-1132,techconnect@eec-wa.org,https://techconnectwa.org/,"Our Community Helpdesk provides FREE basic computer technical support, digital navigation, internet connectivity guidance, and referrals for hardware fixes to all WA residents in multiple languages. Click blue '+' at left for more details.","Open 7 days a week, 8 AM - 8 PM, via chat, phone or email at link included. Help available in Spanish, Vietnamese, Tigrinya, Afaan Oromoo, Amharic, Sidamo, Wolaytta, and English.",No card Required,true,true,48.821908,-121.872515,"Whatcom County, WA, United States of America",Whatcom County,,,,,,,Whatcom County,Washington,WA,United States,us,0.25,,,,,https://www.whosonfirst.org/docs/licenses/
8/17/2022,"Arts, Culture & Entertainment; Classes & Learning; Technology, Computers & Mobile Phones",Washington Talking Book & Braille Library,,2021 9th Avenue,Seattle,WA,98121,206-615-0400 or 800-542-0866,wtbbl@sos.wa.gov,https://www.wtbbl.org/eligibility.aspx,Free services available to all WA residents who are unable to read standard print due to one or more vision-related conditions (click '+' at left or webpage link to learn more).,"Conditions include: Legal blindness, visual impairment, physical disability causing inability to turn pages or comfortably hold a book for extended periods of time, deaf-blindness, or reading disability.",No card Required,true,true,47.6169214,-122.3370104,"Washington Talking Book and Braille Library, 2021 9th Avenue, Seattle, WA 98121, United States of America",Washington Talking Book and Braille Library,2021,9th Avenue,98121,South Lake Union,Belltown,Seattle,King County,Washington,WA,United States,us,0.6666666666666667,1,0.6666666666666667,© OpenStreetMap contributors,Open Database License,https://www.openstreetmap.org/copyright
4/12/2018,Fitness & Recreation,"Dementia-Friendly Recreation, Seattle Parks and Recreation",,,Seattle,WA,,,,http://www.seattle.gov/parks/find/dementia-friendly-recreation,Provides free or low-cost meaningful recreation & social engagement opportunities for people living with memory loss throughout Seattle. Are you living with memory loss or caring for someone who lives with memory loss? This program is for you.,,No card required,true,true,47.6038321,-122.330062,"Seattle, WA, United States of America",,,,,,,Seattle,King County,Washington,WA,United States,us,1,1,,© OpenStreetMap contributors,Open Database License,https://www.openstreetmap.org/copyright
2022-06-13T00:00:00.000,Classes & Learning,The Polytech,,"540 NE Northgate Way, Suite D",Seattle,WA,980125,206-557-4646,info@thepolytech.com,https://thepolytech.com,10% discount on all driving and tutoring services.,"Show your Gold or Flash card to get 10% off any driving package, career assessment, tutoring, or one-on-one program. Not valid for high school credit programs.",Both Gold and FLASH card,true,true,47.7089329,-122.3214597,"540 Northeast Northgate Way, Seattle, WA, United States of America",,540,Northeast Northgate Way,,,Pinehurst,Seattle,King County,Washington,WA,United States,us,0.35720999999999997,1,0.35720999999999997,© OpenAddresses contributors,BSD-3-Clause License,
9/13/2022,"Technology, Computers & Mobile Phones; Other",Honey Cat Design,,1275 Road 10 Southwest,Rock Island,Wa,98850,509-683-2943,matt@honrycatdesign.com,https://www.honeycatdesign.com/,Offers first time clients 10% off first 3 months of any SEO package (to optimize your webpage's visibility) or 10% off web design.,Gold or FLASH card not required.,No card Required,true,true,47.374425,-120.135814,"Rock Island, WA, United States of America",,,,,,,Rock Island,Douglas County,Washington,WA,United States,us,0.5,1,,,,https://www.whosonfirst.org/docs/licenses/
2018-04-12T00:00:00.000,Auto Services & Transportation,"North Seattle Transmission, Inc",,14711 15th Ave NE,Seattle,WA,98155,206-364-3131,northseattletran@qwestoffice.net,http://www.northseattletransmission.com,10% off parts & labor up to max of $250 discount. Age 60+ or adults with disabilities.,,No card required,true,true,47.672084,-122.3120094,"15th Avenue Northeast, Seattle, WA 98105, United States of America",15th Avenue Northeast,,15th Avenue Northeast,98105,University Heights,University District,Seattle,King County,Washington,WA,United States,us,0.63,1,0.63,© OpenStreetMap contributors,Open Database License,https://www.openstreetmap.org/copyright
2018-04-12T00:00:00.001,"Arts, Culture & Entertainment",Harmonia Orchestra & Chorus,,1916 Pike Place Ste 12 #112,Seattle,WA,98101,206-682-5208,info@harmoniaseattle.org,https://harmoniaseattle.org,$10 tickets with Gold or FLASH Card. Regular price $25. Select 'Concession' price choice when ordering online or at the box office.,(Formerly called Orchestra Seattle/Seattle Chamber Singers),GOLD or FLASH card required,true,true,47.6101822,-122.3427429,"1916 Pike Place, Seattle, WA, United States of America",,1916,Pike Place,,,Pike Place Market,Seattle,King County,Washington,WA,United States,us,0.33333333333333337,1,0.33333333333333337,© OpenAddresses contributors,BSD-3-Clause License,
4/17/2023,"Arts, Culture & Entertainment",Seattle Art Museum,,1300 First Ave,Seattle,WA,98101,206-654-3210,kevink@seattleartmuseum.org,http://www.seattleartmuseum.org,Gold Card/Flash Card Holders: $5 admission (an 83% savings!). Includes access to everything on view. Card verification is required. Available onsite only.,Admission discount also available at Seattle Asian Art Museum on Capitol Hill.,GOLD or FLASH card required,true,true,47.607194,-122.338257,"1300 1st Avenue, Seattle, WA 98101, United States of America",,1300,1st Avenue,98101,,Central Business District,Seattle,King County,Washington,WA,United States,us,0.4,1,0.4,© OpenAddresses contributors,BSD-3-Clause License,
1/4/2023,Health & Medical,"Vital Kinesis, PLLC",,"2800 Northup Way, Suite 200",Bellevue,WA,98004,253-234-4601,info@vitalkinesispt.com,https://www.vitalkinesispt.com,Tai Chi classes (in-person or virtually) to improve your balance. Classes are on a donation basis.,"This is a modified Tai Chi Program that is evidenced-based and CDC-approved to improve your balance and mobility. Ours is a progressive program, meaning that each class is built upon the content in the previous class. Therefore, we recommend you attend class weekly. 
Classes are on a donation basis, and you can attend in-person or virtually (online). Class sessions are held quarterly.",No card required,true,true,47.629527,-122.17491,"Northup Way, Bellevue, WA, United States of America",,,Northup Way,,,,Bellevue,King County,Washington,WA,United States,us,0.4,1,0.4,© OpenStreetMap contributors,Open Database License,https://www.openstreetmap.org/copyright
3/1/2023,Food & Beverage / Restaurant,Kaffeeklatsch,,12513 Lake City Way NE Suite H,Seattle,WA,98125,206-462-1059,kaffeeklatschseattle@gmail.com,www.kaffeeklatschseattle.com,Receive a 10% discount when 60 years old and up.,Visit Kaffeeklatsch to sit down and have a coffee in a real cup and treat yourself with a pastry served on a real plate. Take your time. What's the rush?,Both Gold and FLASH card,true,true,47.7197482,-122.295229,"12513 Lake City Way Northeast, Seattle, WA, United States of America",,12513,Lake City Way Northeast,,,Roosevelt,Seattle,King County,Washington,WA,United States,us,0.35720999999999997,1,0.35720999999999997,© OpenAddresses contributors,BSD-3-Clause License,
1/4/2023,"Arts, Culture & Entertainment",The Museum of Flight,,9404 E. Marginal Way South,Seattle,WA,98108-4097,206-764-5700,info@museumofflight.org,https://www.museumofflight.org/,Gold Card holders: $22 admission (25% off). FLASH Card holders: $3.00 Admission (90% off). Available onsite only. Free admission to caregiver/aide accompanying visitor with a disability. More info at blue ‘+’ sign at left.,"Reduced-Price Aviator annual membership for Gold Card/FLASH Card ($29, regularly $119). Card verification required and discount valid for the card holder. Learn more about even more reduced-price Aviator Membership at: https://www.museumofflight.org/visit/access. For more information and schedule of free museum Sensory Days, visit: https://www.museumofflight.org/Plan-Your-Visit/Sensory-Days.",Both Gold and FLASH card,true,true,47.5183592,-122.29649545103578,"Museum of Flight, 9404 East Marginal Way South, Seattle, WA 98108, United States of America",Museum of Flight,9404,East Marginal Way South,98108,,,Seattle,King County,Washington,WA,United States,us,0.63,1,0.63,© OpenStreetMap contributors,Open Database License,https://www.openstreetmap.org/copyright
3/28/2023,Retail Shopping,Snapdoodle Toys & Games--Kenmore,,7330 NE Bothell Way,Kenmore,WA,98028,425-408-0021,seattle@snapdoodletoys.com,https://www.snapdoodletoys.com,"10% off on your purchase. Discount honored at any of six Snapdoodle Toys locations (Seattle, Kenmore, Redmond, Issaquah, Totem Lake & Bellevue).","We sell Puzzles, Board Games, Books and amazing other toys. You will receive a 10% discount on your purchase at any of our Snapdoodle Toys locations.",Both Gold and FLASH card,true,true,47.7575071,-122.242286,"Kenmore Violins, 7330 Bothell Way Northeast, Kenmore, WA 98028, United States of America",Kenmore Violins,7330,Bothell Way Northeast,98028,,,Kenmore,King County,Washington,WA,United States,us,1,1,1,© OpenStreetMap contributors,Open Database License,https://www.openstreetmap.org/copyright
3/28/2023,Retail Shopping,Snapdoodle Toys & Games--Redmond,,15752 Redmond Way,Redmond,WA,98052,425-869-9713,seattle@snapdoodletoys.com,https://www.snapdoodletoys.com,"10% off on your purchase. Discount honored at any of six Snapdoodle Toys locations (Seattle, Kenmore, Redmond, Issaquah, Totem Lake & Bellevue).","We sell Puzzles, Board Games, Books and amazing other toys. You will receive a 10% discount on your purchase at any of our Snapdoodle Toys locations.",Both Gold and FLASH card,true,true,47.67539625,-122.13059308999999,"Snapdoodle Toys, 15752 158th Avenue Northeast, Redmond, WA 98052, United States of America",Snapdoodle Toys,15752,158th Avenue Northeast,98052,,Redmond Center,Redmond,King County,Washington,WA,United States,us,0.9,1,0.9,© OpenStreetMap contributors,Open Database License,https://www.openstreetmap.org/copyright
3/28/2023,Retail Shopping,Snapdoodle Toys & Games--Issaquah,,1527 Highlands Dr NE %23110,Issaquah,WA,98027,425-651-2838,seattle@snapdoodletoys.com,https://www.snapdoodletoys.com,"10% off on your purchase. Discount honored at any of six Snapdoodle Toys locations (Seattle, Kenmore, Redmond, Issaquah, Totem Lake & Bellevue.","We sell Puzzles, Board Games, Books and amazing other toys. You will receive a 10% discount on your purchase at any of our Snapdoodle Toys locations",Both Gold and FLASH card,true,true,47.5405807,-122.0190748,"Highlands Drive Northeast, Issaquah, WA 98129, United States of America",Highlands Drive Northeast,,Highlands Drive Northeast,98129,,,Issaquah,King County,Washington,WA,United States,us,0.3969,1,0.3969,© OpenStreetMap contributors,Open Database License,https://www.openstreetmap.org/copyright
3/28/2023,Retail Shopping,Snapdoodle Toys & Games--Totem Lake,,"11901 NE Village Plaza, %23175",Kirkland (Totem Lake),WA,98034,425-285-9366,seattle@snapdoodletoys.com,https://www.snapdoodletoys.com,"10% off on your purchase. Discount honored at any of six Snapdoodle Toys locations (Seattle, Kenmore, Redmond, Issaquah, Totem Lake & Bellevue).","We sell Puzzles, Board Games, Books and amazing other toys. You will receive a 10% discount on your purchase at any of our Snapdoodle Toys locations.",Both Gold and FLASH card,true,true,47.71255,-122.180135,"203° Fahrenheit, 11901 Northeast Village Plaza, Kirkland, WA 98033, United States of America",203° Fahrenheit,11901,Northeast Village Plaza,98033,,The Village at Totem Lake,Kirkland,King County,Washington,WA,United States,us,0.2,0.33333333333333337,0.2,© OpenStreetMap contributors,Open Database License,https://www.openstreetmap.org/copyright
3/28/2023,Retail Shopping,Snapdoodle Toys & Games--Bellevue,,1100 Bellevue Way NE Ste 6A,Bellevue,WA,98004,425-590-9576,seattle@snapdoodletoys.com,https://www.snapdoodletoys.com,"10% off on your purchase. Discount honored at any of six Snapdoodle Toys locations (Seattle, Kenmore, Redmond, Issaquah, Totem Lake & Bellevue).","We sell Puzzles, Board Games, Books and amazing other toys. You will receive a 10% discount on your purchase at any of our Snapdoodle Toys locations.",Both Gold and FLASH card,true,true,47.629509,-122.201653,"Bellevue Way Northeast, Bellevue, WA, United States of America",,,Bellevue Way Northeast,,,,Bellevue,King County,Washington,WA,United States,us,0.35720999999999997,1,0.35720999999999997,© OpenStreetMap contributors,Open Database License,https://www.openstreetmap.org/copyright
3/28/2023,"Hotels, Travel & Tourism; Other",Price 4 Limo,,990 Stinson Way Suite 201,West Palm Beach,FL,33411,866-265-5479,travis@price4limo.com,https://www.price4limo.com/,"Price4Limo is a ground transportation provider for limousine, party bus and charter bus services. We are available 24/7 365 days for your transportation needs. Enjoy $100 off your next rental.","Please have your Gold Card or FLASH Card ready at time of booking to redeem, or use code ""SEATTLE100"". Email travis@price4limo.com with any questions.",Both Gold and FLASH card,true,true,26.752516,-80.161387,"West Palm Beach, FL, United States of America",,,,,,,West Palm Beach,Palm Beach County,Florida,FL,United States,us,0.5,1,,,,https://www.whosonfirst.org/docs/licenses/
4/7/2023,Food & Beverage / Restaurant,Aloha Plates,"Endless, LLC",511 S Weller St,Seattle,WA,98104,253-282-0060,aloha@endlessn.com,https://www.alohaplates-sea.com/s/order,10% off entire purchase. Must present Gold or FLASH Card.,,Both Gold and FLASH card,true,true,47.5974076,-122.3271899319406,"Aloha Plates, 511 South Weller Street, Seattle, WA 98104, United States of America",Aloha Plates,511,South Weller Street,98104,Little Saigon,Chinatown/International District,Seattle,King County,Washington,WA,United States,us,0.63,1,0.63,© OpenStreetMap contributors,Open Database License,https://www.openstreetmap.org/copyright
4/17/2023,"Arts, Culture & Entertainment",Seattle Asian Art Museum,,1400 E Prospect St,Seattle,WA,98112,206-654-3210,kevink@SeattleArtMuseum.org,https://www.seattleartmuseum.org/visit/seattle-asian-art-museum,Gold Card/Flash Card Holders: $5 admission (a 72% savings!). Includes access to everything on view. Card verification is required. Available onsite only.,Admission discount also available at Seattle Art Museum.,Both Gold and FLASH card,true,true,47.63029565,-122.31413540328062,"Seattle Asian Art Museum, 1400 East Prospect Street, Seattle, WA 98112, United States of America",Seattle Asian Art Museum,1400,East Prospect Street,98112,,Capitol Hill,Seattle,King County,Washington,WA,United States,us,0.63,1,0.63,© OpenStreetMap contributors,Open Database License,https://www.openstreetmap.org/copyright
4/17/2023,"Arts, Culture & Entertainment",Olympic Sculpture Park,,2901 Western Avenue,Seattle,WA,98121,206-654-3100,kevink@SeattleArtMuseum.org,https://www.seattleartmuseum.org/visit/olympic-sculpture-park,"Entrance to 9-acre waterfront outdoor sculpture park is open and FREE 365 days a year! No card required. In-person, audio and cell-phone tours available at our website.","Site has ADA accessible ramps, and main Z path through park is graded to provide universal access. Paid parking available.",No card Required,true,true,47.616345,-122.353852,"2901 Western Avenue, Seattle, WA 98121, United States of America",,2901,Western Avenue,98121,,Belltown,Seattle,King County,Washington,WA,United States,us,0.6666666666666667,1,0.6666666666666667,© OpenAddresses contributors,BSD-3-Clause License,
4/20/2023,"Arts, Culture & Entertainment",Cheapo Ticketing,,75 Gerber Road East,South Windsor,CT,6074,888-306-9050,,https:///www.cheapoticketing.com,"Use coupon ""GOVSAVER"" for a 10% discount on sports, concerts and theatre events.","Receive a 10% discount for tickets to live sports, concerts and theatre events throughout the United States. Enter coupon code ""GOVSAVER"" in checkout at CheapoTicketing.com to receive your instant discount. Cheapo Ticketing has been providing access to live events since 2014!",No card Required,true,true,41.82218090131214,-72.50646806525164,"75 Gerber Road East, South Windsor, CT 06074, United States of America",,75,Gerber Road East,06074,,,South Windsor,Capitol Planning Region,Connecticut,CT,United States,us,0.75,1,0.75,© OpenStreetMap contributors,Open Database License,https://www.openstreetmap.org/copyright
4/12/2018,"Home, Garden & Home Repair",Best Plumbing and Rooter,,8820 Aurora Ave. N.,Seattle,WA,98103,206-633-1700,bill@bestplumbing.com,http://www.bestplumbing.com,Free annual plumbing inspection for a one-time fee of $89. Age 62+,,Both Gold and FLASH card,true,true,47.6931718,-122.3441555,"Best Plumbing, 8820 Aurora Avenue North, Seattle, WA 98103, United States of America",Best Plumbing,8820,Aurora Avenue North,98103,Licton Springs,Greenwood,Seattle,King County,Washington,WA,United States,us,0.63,1,0.63,© OpenStreetMap contributors,Open Database License,https://www.openstreetmap.org/copyright
4/12/2018,Fitness & Recreation,Bill Speidel's Underground Tour,,614 1st Ave,Seattle,WA,98104,206-682-4646,info@undergroundtour.com,http://www.undergroundtour.com,"Senior discount, no card required.","Tour includes remains of the 1889 Seattle Fire. In Seattle's Pioneer Square, between Cherry Street and Yesler Way.",No card Required,true,true,47.602324,-122.3338244,"614 1st Avenue, Seattle, WA 98104, United States of America",,614,1st Avenue,98104,West Edge,Chinatown/International District,Seattle,King County,Washington,WA,United States,us,0.63,1,0.63,© OpenStreetMap contributors,Open Database License,https://www.openstreetmap.org/copyright
4/12/2018,Utilities & Cable TV,City of Burien,,"400 SW 152nd St., Suite 300",Burien,WA,98166,206-241-4647,cityclerk@burienwa.gov,https://www.burienwa.gov/residents/resident_resources/utilities/utility_bill_assistance,"A number of programs exist for assistance with utilities, available to income qualified households. Utility tax relief provided in the form of a reimbursement.",,No card Required,true,true,47.4671473,-122.3396121,"400 Southwest 152nd Street, Burien, WA, United States of America",,400,Southwest 152nd Street,,,,Burien,King County,Washington,WA,United States,us,0.25004699999999996,1,0.25004699999999996,© OpenAddresses contributors,BSD-3-Clause License,
4/12/2018,Utilities & Cable TV,City of Des Moines,,2045 S 216th.,Des Moines,WA,98198,206-878-1642,seniors@desmoineswa.gov,https://www.desmoineswa.gov/cms/one.aspx?portalId=17385088&pageId=17490998,Program offers utility assistance to Des Moines residents who are struggling to address negative economic impacts caused by the public health emergency.,,No card Required,true,true,47.40699,-122.305856,"2045 South 216th Street, Des Moines, WA 98198, United States of America",,2045,South 216th Street,98198,,,Des Moines,King County,Washington,WA,United States,us,0.7,1,0.7,© OpenAddresses contributors,BSD-3-Clause License,
4/12/2018,Utilities & Cable TV,City of Issaquah,,130 E Sunset Way,Issaquah,WA,98027,425-837-3070,UB@issaquahwa.gov,https://www.issaquahwa.gov/3022/Senior-Program,Discount rate for qualifying low-income senior citizens (62+). Financial assistance of 75% discount off the minimum water and sewer billings and excludes clients from paying the stormwater fee.,,No card Required,true,true,47.530347,-122.034204,"130 East Sunset Way, Issaquah, WA 98027, United States of America",,130,East Sunset Way,98027,,,Issaquah,King County,Washington,WA,United States,us,0.63,1,0.63,© OpenAddresses contributors,BSD-3-Clause License,
4/12/2018,"Technology, Computers & Mobile Phones",InterConnection Computer Reuse Center,,3415 Stone Way N.,Seattle,WA,98103,206-222-2060,info@interconnection.org,http://www.interconnection.org,"Special discounts on refurbished laptop and desktop computers, generally 30% less expensive than comparable new one. Low income laptop special. No Gold/FLASH Card required.",Proof of low-income status required.,No card required,true,true,47.6493064,-122.3433643,"3415 Stone Way North, Seattle, WA 98103, United States of America",,3415,Stone Way North,98103,,Fremont,Seattle,King County,Washington,WA,United States,us,0.63,1,0.63,© OpenStreetMap contributors,Open Database License,https://www.openstreetmap.org/copyright
4/12/2018,"Arts, Culture & Entertainment",Meany Center for the Performing Arts,,4040 George Washington Lane Northeast,Seattle,WA,98195,206-543-4880,,http://www.meanycenter.org,"Age 65+: Subscription discount is 20% off regular single ticket prices. Single ticket discounts are 5% off regular single ticket prices, subject to availability.","Proof of age required. Discounts also available to UW faculty/staff, students and alumni.",No card required,true,true,47.6556645,-122.3106617072553,"Meany Hall, 4040 George Washington Lane Northeast, Seattle, WA 98195, United States of America",Meany Hall,4040,George Washington Lane Northeast,98195,West Campus,University District,Seattle,King County,Washington,WA,United States,us,0.8,1,0.8,© OpenStreetMap contributors,Open Database License,https://www.openstreetmap.org/copyright
4/12/2018,Auto Services & Transportation,Metro Taxi Scrip,,201 S. Jackson St.,Seattle,WA,98104,206-553-3000 (WA Relay: 711),,https://kingcounty.gov/depts/transportation/metro/travel-options/accessible/programs/taxi-scrip.aspx,"The Taxi Scrip Program serves low-income King County residents age 18 to 64 who have a disability, or ages 65+. Apply online for a 50% discount for income-eligible riders.",View website for income eligibility guidelines and taxi companies accepting scrip.,No card Required,true,true,47.5990866,-122.3313574,"201 South Jackson Street, Seattle, WA 98104, United States of America",,201,South Jackson Street,98104,,Chinatown/International District,Seattle,King County,Washington,WA,United States,us,0.63,1,0.63,© OpenStreetMap contributors,Open Database License,https://www.openstreetmap.org/copyright
4/20/2023,Fitness & Recreation,Seattle Mariners Baseball,,1250 1st Ave S,Seattle,WA,98134,206-346-4001,FanCare@mariners.com,https://www.mlb.com/mariners/tickets/specials/value-games,"Mariners Value Games discount at 50% off! Snag $10 View Level, $20 Main Level or $30 Terrace Club seats to select games (weekdays on M, Tu, W & select Th only) throughout the season. Premium/weekend games not included. Gold/FLASH card not required.",Available online at: https://www.mlb.com/mariners/tickets/specials/value-games,No card Required,true,true,47.5918524,-122.3339628,"1250 1st Avenue South, Seattle, WA 98134, United States of America",,1250,1st Avenue South,98134,,Chinatown/International District,Seattle,King County,Washington,WA,United States,us,0.63,1,0.63,© OpenStreetMap contributors,Open Database License,https://www.openstreetmap.org/copyright
5/5/2023,Utilities & Cable TV,City of Duvall,,15535 Main Street NE,Duvall,WA,98019,425-788-1185,stephanie.goodwin@duvallwa.gov,https://www.duvallwa.gov/132/Utility-Billing,"Provides a reduced water rate, sewer rate and storm drain rate for low-income customers.",Income qualifying applicants can submit application for discount on utility services at: https://www.duvallwa.gov/DocumentCenter/View/8315/Reduced-Rate-Application-2023,No card Required,true,true,47.740733,-121.986425,"15535 Main Street NE, Duvall, WA 98019, United States of America",,15535,Main Street NE,98019,,,Duvall,King County,Washington,WA,United States,us,0.75,1,0.75,© OpenAddresses contributors,BSD-3-Clause License,
5/5/2023,Utilities & Cable TV,City of Federal Way,,33325 8th Ave. South,Federal Way,WA,98003,253-835-2527,,https://www.cityoffederalway.com/page/utility-tax-rebate-program,"Utility Tax Rebate program is for low-income residents. Instructions, eligibility and application info at website.",,No card required,true,true,47.303914000000006,-122.32648117633445,"Federal Way City Hall, 33325 8th Avenue South, Federal Way, WA 98003, United States of America",Federal Way City Hall,33325,8th Avenue South,98003,,,Federal Way,King County,Washington,WA,United States,us,0.63,1,0.63,© OpenStreetMap contributors,Open Database License,https://www.openstreetmap.org/copyright
5/5/2023,Utilities & Cable TV,City of Kent,,220 4th Ave S.,Kent,WA,98032,253-856-5201,customerservice@kentwa.gov,"https://www.kentwa.gov/pay-and-apply/utility-services-and-billing#:~:text=Please%20contact%20Customer%20Service%20at,856%2D5201%20or%20by%20email.","Utility rate reductions (water, sewer, storm drainage, and solid waste) for eligible senior citizens (62+) and people with disabilities based on income.",,No card Required,true,true,47.3806301,-122.2368423,"220 4th Avenue South, Kent, WA 98032, United States of America",,220,4th Avenue South,98032,Downtown,,Kent,King County,Washington,WA,United States,us,0.63,1,0.63,© OpenStreetMap contributors,Open Database License,https://www.openstreetmap.org/copyright
5/5/2023,"Home, Garden & Home Repair",Flowers Just 4-U Floral & Gifts,,701 23rd Avenue,Seattle,WA,98122,206-324-1440,ginlolmw@aol.com,https://flowersjust4u.net/,10% discount,,No card required,true,true,47.596349,-122.302429,"701 23rd Avenue South, Seattle, WA 98144, United States of America",,701,23rd Avenue South,98144,,Central Area,Seattle,King County,Washington,WA,United States,us,0.9,1,0.9,© OpenAddresses contributors,BSD-3-Clause License,
5/5/2023,"Home, Garden & Home Repair",LawnStarter,,5000 25th Ave NE #3203,Seattle,WA,98105,877-518-0382,jeshue@lawnstarter.com,https://www.lawnstarter.com/seattle-wa-lawn-care,$20 off your first service when you use promo code SEATTLE20 at checkout. LawnStarter is a professional lawn mowing and landscaping service.,,No card Required,true,true,47.679432,-122.300678,"25th Avenue Northeast, Seattle, WA, United States of America",,,25th Avenue Northeast,,,Ravenna,Seattle,King County,Washington,WA,United States,us,0.3969,1,0.3969,© OpenStreetMap contributors,Open Database License,https://www.openstreetmap.org/copyright
5/5/2023,Fitness & Recreation,"Medgar Evers Pool, Seattle Parks and Recreation",,500 23rd Ave,Seattle,WA,98122,206-684-4766,,https://www.seattle.gov/parks/pools/medgar-evers-pool,Senior discount available for 65+. Scholarships also available.,"We offer adult and senior adult lessons and a variety of exercise classes, as well as family, public, and lap swim times. Details on senior discounts at: https://www.seattle.gov/parks/pools/fees-and-programs#seniorswim. Further reduced price scholarships for income eligible individuals at: https://www.seattle.gov/parks/scholarships-and-financial-aid.",No card Required,true,true,47.6065326,-122.3023574054989,"Medgar Evers Pool, 500 23rd Avenue, Seattle, WA 98122, United States of America",Medgar Evers Pool,500,23rd Avenue,98122,,Central District,Seattle,King County,Washington,WA,United States,us,0.63,1,0.63,© OpenStreetMap contributors,Open Database License,https://www.openstreetmap.org/copyright
5/5/2023,Cleaning Services,Merry Maids 486-West Seattle,,9801 17th Ave SW,Seattle,WA,98106,206-209-0762,merrymaids486@hotmail.com,https://www.merrymaids.com/west-seattle/,10% off first visit. Please present Gold or Flash Card.,,GOLD or FLASH card required,true,true,47.515354099999996,-122.3569158,"9801 17th Avenue Southwest, Seattle, WA 98106, United States of America",,9801,17th Avenue Southwest,98106,,,Seattle,King County,Washington,WA,United States,us,0.63,1,0.63,© OpenStreetMap contributors,Open Database License,https://www.openstreetmap.org/copyright
5/5/2023,Food & Beverage / Restaurant,Momosan Ramen,,504 5th Avenue South,Seattle,WA,98104,206-501-4499,info@momosanseattle.com,https://momosanseattle.com/,10% discount.,10% discount on all food. Excludes alcohol.,Both Gold and FLASH card,true,true,47.5976303,-122.32718,"Momosan Seattle, 504 5th Avenue South, Seattle, WA 98104, United States of America",Momosan Seattle,504,5th Avenue South,98104,,Chinatown/International District,Seattle,King County,Washington,WA,United States,us,0.75,1,0.75,© OpenStreetMap contributors,Open Database License,https://www.openstreetmap.org/copyright
5/5/2023,"Arts, Culture & Entertainment",National Nordic Museum,,2655 NW Market St,Seattle,WA,98107,206-789-5707,nordic@nordicmuseum.org,https://nordicmuseum.org/,Discount admission for guests age 65+.,,No card Required,true,true,47.6683615,-122.39177949359151,"National Nordic Museum, 2655 Northwest Market Street, Seattle, WA 98107, United States of America",National Nordic Museum,2655,Northwest Market Street,98107,,Ballard,Seattle,King County,Washington,WA,United States,us,0.63,1,0.63,© OpenStreetMap contributors,Open Database License,https://www.openstreetmap.org/copyright
5/5/2023,"Arts, Culture & Entertainment",NOCCO - North Corner Chamber Orchestra,,POB 21561,Seattle,WA,98121,425-200-4390,tim@nocco.org,https://www.nocco.org,"Senior discount on tickets and subscriptions of at least 25% off regular price. Free Ticket Program available for use and contributions, too. See website for details.",Senior discount on tickets and subscriptions of at least 25% off regular price. See our website for more details.,No card required,true,true,47.673455,-122.331537,"Seattle, WA, United States of America",,,,,,,Seattle,King County,Washington,WA,United States,us,0.5,1,,,,https://www.whosonfirst.org/docs/licenses/
5/5/2023,"Home, Garden & Home Repair","Side Sewer Assistance Program, City of Seattle",Seattle Public Utilities,700 5th Avenue,Seattle,WA,98104,206-684-0244,HealthyHome@seattle.gov,https://www.seattle.gov/housing/homeowners/home-repair/side-sewer-assistance-program,"0% interest loans up to $45,000 for income-qualified Seattle homeowners experiencing a side sewer emergency.","Is your side sewer broken? Do you need help paying for emergency repairs? Call or email to get screened for eligibility to receive assistance with your sewer issue. Seattle Public Utilities in partnership with Office of Housing can help. Loan terms are for 10 years with 2 options to renew, and no monthly payments required. 
Explore Weatherization programs available for income qualified homeowners or renters, at: https://www.seattle.gov/housing/homeowners/weatherization",No card Required,true,true,47.596434,-122.327267,"700 5th Avenue South, Seattle, WA 98104, United States of America",,700,5th Avenue South,98104,,International District,Seattle,King County,Washington,WA,United States,us,0.9,1,0.9,© OpenAddresses contributors,BSD-3-Clause License,
5/5/2023,Fitness & Recreation,Washington State Department of Fish and Wildlife--North Puget Sound,,16018 Mill Creek Boulevard,Mill Creek,WA,98012,425-775-1311,TeamMillCreek@dfw.wa.gov,https://wdfw.wa.gov/places-to-go/weekender/north-puget-sound,Reduced license fees for older adults (70+) and adults with disabilities. Call or go online for more information: https://wdfw.wa.gov/licenses/fishing/types-fees,Learn more about news and licenses available at: https://wdfw.wa.gov/licenses.,No card required,true,true,47.85001000967571,-122.22055776028485,"16018 Mill Creek Boulevard, Mill Creek, WA 98012, United States of America",,16018,Mill Creek Boulevard,98012,,,Mill Creek,Snohomish County,Washington,WA,United States,us,0.75,1,0.75,© OpenStreetMap contributors,Open Database License,https://www.openstreetmap.org/copyright
5/5/2023,Fitness & Recreation,Woodland Park Zoo,Woodland Park Zoological Society,601 N 59th St,Seattle,WA,98103,206-548-2500,zooinfo@zoo.org,https://www.zoo.org/visit,75% off full price admission rate only. Age 60+ or adults with disabilities. Must present Gold or Flash Card. One discount per card. May not be combined with other discounts.,"75% off full price admission rate only. For information about regular prices, hours, and more, visit https://www.zoo.org/visit. To request a sighted guide, access sensory map and learn about mobility equipment rentals, visit https://www.zoo.org/access.",Gold or FLASH card required,true,true,47.669143399999996,-122.35096188536495,"Woodland Park Zoo, 601 North 59th Street, Seattle, WA 98103, United States of America",Woodland Park Zoo,601,North 59th Street,98103,,Phinney Ridge,Seattle,King County,Washington,WA,United States,us,0.63,1,0.63,© OpenStreetMap contributors,Open Database License,https://www.openstreetmap.org/copyright
4/12/2018,Fitness & Recreation,Pacific Science Center,,200 2nd Ave N,Seattle,WA,98109,206-443-2001,gs@pacsci.org,http://www.pacificsciencecenter.org,"For seniors, discount of $1 off general admission and $5 off IMAX movies. For guests with disabilities, admission for aides is free. Family Access Memberships (for anyone, any age, receiving any form of public or government assistance) at $19 per year, allows for unlimited admission for named family members, with additional discounts for guests and IMAX/Laser shows/camps. Call 206-443-2844 for access membership details or visit at the gate.","PacSci hosts monthly Exploration for All hours, where visitors can enjoy free sensory-friendly experiences hours. Upcoming dates can be found at:
https://pacificsciencecenter.org/events/?_event_series=exploration-for-all",No card Required,true,true,47.61934015,-122.35077847477159,"Pacific Science Center, 200 2nd Avenue North, Seattle, WA 98109, United States of America",Pacific Science Center,200,2nd Avenue North,98109,Uptown,Belltown,Seattle,King County,Washington,WA,United States,us,0.63,1,0.63,© OpenStreetMap contributors,Open Database License,https://www.openstreetmap.org/copyright
7/28/2023,"Hair, Skin & Spa",Karibu Barber Shop,,3855 Rainier Avenue South,Seattle,WA,98118,206-407-4147,,,10% discount on services on Mondays for anyone 60+ and/or with a disability. Gold/FLASH Card is required.,,Both Gold and FLASH card,true,true,47.56875439235722,-122.28997098295146,"3855 Rainier Avenue South, Seattle, WA 98118, United States of America",,3855,Rainier Avenue South,98118,Rainier Vista,Mount Baker,Seattle,King County,Washington,WA,United States,us,0.75,1,0.75,© OpenStreetMap contributors,Open Database License,https://www.openstreetmap.org/copyright
8/29/2023,Garden & Home Repair,Bellevue Nursery,Rich Field Investment LLC,842 104th Ave SE,Bellevue,WA,98004,425-454-5531,Info@BellevueNursery.com,http://www.BellevueNursery.com,We offer a 10% senior discount every Tuesday on all regularly priced merchandise.,,No card Required,true,true,47.60197655,-122.20124263906672,"Bellevue Nursery, 842 104th Avenue Southeast, Bellevue, WA 98004, United States of America",Bellevue Nursery,842,104th Avenue Southeast,98004,,,Bellevue,King County,Washington,WA,United States,us,0.63,1,0.63,© OpenStreetMap contributors,Open Database License,https://www.openstreetmap.org/copyright
9/5/2023,Food & Beverage / Restaurant,Central Ethiopian Bar and Restaurant,,4433 S Graham St.,Seattle,WA,98118,206-538-3464,samrwaberthun@gmail.com,,Discount available Monday thru Thurs after 6pm. 5% off food and alcoholic beverages.,,Both Gold and FLASH card,true,true,47.5457422,-122.2767046996704,"4433 South Graham Street, Seattle, WA 98118, United States of America",,4433,South Graham Street,98118,Brighton,Rainier Valley,Seattle,King County,Washington,WA,United States,us,0.63,1,0.63,© OpenStreetMap contributors,Open Database License,https://www.openstreetmap.org/copyright
9/6/2023,Food & Beverage / Restaurant,Habesha Cafe,,5710 Rainier Avenue S.,Seattle,WA,98118,206-324-2527,filli2922@yahoo.com,https://www.habesha-cafe,5% off. Gold or FLASH card required.,,Both Gold and FLASH card,true,true,47.5509062,-122.27731,"Amy's Merkato, 5710 Rainier Avenue South, Seattle, WA 98118, United States of America",Amy's Merkato,5710,Rainier Avenue South,98118,Brighton,Rainier Valley,Seattle,King County,Washington,WA,United States,us,0.63,1,0.63,© OpenStreetMap contributors,Open Database License,https://www.openstreetmap.org/copyright
9/4/2023,Food & Beverage / Restaurant,Sunset Cafe,,8115 Rainier Avenue S.,Seattle,WA,98118,206-722-0342,,,Discount of 20% off on Tuesdays for seniors with Gold card and FLASH card also accepted.,,Both Gold and FLASH card,true,true,47.529935550000005,-122.27022103791211,"8115 Rainier Avenue South, Seattle, WA 98118, United States of America",,8115,Rainier Avenue South,98118,Dunlap,,Seattle,King County,Washington,WA,United States,us,0.63,1,0.63,© OpenStreetMap contributors,Open Database License,https://www.openstreetmap.org/copyright
9/4/2023,Food & Beverage / Restaurant,Kaffa Coffee and Ethiopian Food,,8136 Rainier Avenue S.,Seattle,WA,98118,206-453-3558,kaffaseattle@gmail.com,https://www.kaffafoods.com,10% off entire purchase for seniors. No card required.,,No card Required,true,true,47.5298764,-122.2697126,"Kaffa Coffee & Wine Bar, 8136 Rainier Avenue South, Seattle, WA 98118, United States of America",Kaffa Coffee & Wine Bar,8136,Rainier Avenue South,98118,Dunlap,Dunlap,Seattle,King County,Washington,WA,United States,us,0.63,1,0.63,© OpenStreetMap contributors,Open Database License,https://www.openstreetmap.org/copyright
10/19/2023,"Home, Garden & Home Repair",GS-JJ/EnamelPins,EnamelPins Inc,"20829 Valley Blvd. Walnut, CA 91789",Walnut,California,91789,1-866-573-4920,ice@uspp.biz,https://www.gs-jj.com/,"GS-JJ is an online custom gift promotion company specializing in custom pins, stickers, patches, lanyards, etc. Includes free design and free shipping. Use the promo code “SEATTLE10SAVE” at checkout when shopping online to receive 10% off on all products.",,No card Required,true,true,34.00845,-117.862296,"20241 Valley Boulevard, Walnut, CA 91789, United States of America",,20241,Valley Boulevard,91789,,,Walnut,Los Angeles County,California,CA,United States,us,0.15752961,1,0.15752961,© OpenAddresses contributors,BSD-3-Clause License,
10/22/2023,Food & Beverage / Restaurant,Dubsea Coffee,Happy Place Coffee,9910 8th Ave SW,Seattle,WA,98106,206-992-5155,cw@dubseacoffee.com,https://www.dubseacoffee.com,Senior Tuesday Coffee days give you .50 off any cup. Enjoy connection and .50 cent discount off your favorite cup in the beautiful Greenbridge neighborhood in White Center.,,No card Required,true,true,47.5145725,-122.3449705,"9910 8th Avenue Southwest, Seattle, WA 98106, United States of America",,9910,8th Avenue Southwest,98106,,,Seattle,King County,Washington,WA,United States,us,0.63,1,0.63,© OpenStreetMap contributors,Open Database License,https://www.openstreetmap.org/copyright